key,track,artist,album_name,album_artist,genre,date
Honey Dijon - Live @ Coachella Music Festival 2017 in California (15.04.17).mp3,Honey Dijon,Honey Dijon,Coachella 2017,Honey Dijon,House,2017-04-15
Galantis - Live @ Coachella Music Festival 2017 in California (14.04.17).mp3,Galantis,Galantis,Coachella 2017,Galantis,Electronic,2017-04-14
"KREAM Presents - LIQUID ： LAB Vol. 12 (Adriatique, Prospa, WhoMadeWho) at Vemork [LUeHFSkbLlo].opus","LIQUID LAB Vol. 12 (Adriatique, Prospa, WhoMadeWho)","Adriatique, Prospa & WhoMadeWho",KREAM,Various Artists,House,
Jordan Suckley - Live on Essential Mix (22.02.14).mp3,Jordan Suckley 2014,Jordan Suckley,Essential Mix,Jordan Suckley,Trance,2014-02-22
Kolsch - Live @ Ibiza Rocks Hotel in Ibiza (02.08.15).mp3,Kölsch,Kölsch,Ibiza Rocks 2015,Kölsch,House,2015-08-02
Honey Dijon DJ set Barcelona ｜ Burn Energy Tour x Mixmag - 20241220.opus,"Burn Energy Tour, Mixmag",Honey Dijon,Honey Dijon Sets,Honey Dijon,House,2024-12-20
Galantis - Live @ Coachella Music Festival 2017 in California (16.04.17).mp3,Galantis,Galantis,Coachella 2017,Galantis,Electronic,2017-04-16
Grum - Live on Radio 1 Essential Mix (24.05.14).mp3,Grum 2014,Grum,Essential Mix,Grum,House,2014-05-24
Jack Garratt - Live @ Coachella Music Festival 2017 in California (16.04.17).mp3,Jack Garratt,Jack Garratt,Coachella 2017,Jack Garratt,Pop,2017-04-16
KREAM Presents LIQUID ： LAB London [Drumsheds]  (Artbat⧸Cristoph⧸Anyma) [mTEofWmQCYU].opus,"KREAM LIQUID : LAB London [Drumsheds]  (Artbat, Cristoph, Anyma)","Artbat, Cristoph & Anyma",KREAM,Various Artists,Electronic,
"Radio 1's Essential Mix, James Hype.mp4",James Hype,James Hype,Essential Mix,Various Artists,House,
"Radio 1's Essential Mix, Layla Benitez.mp4",Layla Benitez,Layla Benitez,Essential Mix,Various Artists,Electronic,
Jack U - Live @ Coachella Music Festival 2016 in California (22.04.16).mp3,Jack U,Jack U,Coachella 2016,Jack U,Electronic,2016-04-22
Gaslamp Killer - Live on Radio 1 Essential Mix (01.12.12).mp3,Gaslamp Killer 2012,Gaslamp Killer,Essential Mix,Gaslamp Killer,Eclectic,2012
Kolsch - Live on Radio 1 Essential Mix (04.01.14).mp3,Kölsch 2014,Kölsch,Essential Mix,Kölsch,Techno,2014
"Radio 1's Classic Essential Mix, Honey Dijon 2017.mp4",Honey Dijon 2017,Honey Dijon,Essential Mix,Various Artists,House,2017
Jackbeats - Live @ Sonar Festival 2012 in Barcelona (16.06.12).mp3,Jackbeats,Jackbeats,Sonar Festival 2012,Jackbeats,Electronic,2012-06-16
@jorisvoorndj  ｜ ANTS 2025 - Live at Ushuaïa Ibiza #Livestream [-GtfFNs52B8].opus,Joris Voorn,Joris Voorn,ANTS 2025 Ushuaia,Various Artists,Tech House,2025
Lee Burridge - Live on Radio 1 Essential Mix (05.09.15).mp3,Lee Burridge 2015,Lee Burridge,Essential Mix,Lee Burridge,House,2015-09-05
"KREAM at Printworks London (Camelphat, Gorgon City, ARTBAT) [zcldlAlF-jw].opus","KREAM - Printworks London (CamelPhat, Gorgon City, ARTBAT)","CamelPhat, Gorgon City & ARTBAT",KREAM,Various Artists,House,
Kölsch live from Drumcode London at Drumsheds 2024 [CPL9qQLBER0].opus,"Kölsch, Drumcode",Kölsch,Drumsheds,Various Artists,Techno,2024
"Matt Tolfrey - Live @ Carnival, Sankeys in Ibiza (28.07.12).mp3",Carnival Sankeys Ibiza 2012,Matt Tolfrey,Matt Tolfrey Sets,Matt Tolfrey,House,2012-07-28
Magda - Live on Radio 1 Essential Mix (08.03.14).mp3,Magda 2014,Magda,Essential Mix,Magda,Techno,2014-03-08
MEDUZA_live_@_TOMORROWLAND_Belgium_2024.mp3,MEDUZA,MEDUZA,Tomorrowland 2024,MEDUZA,House,2024
Joris Voorn - Live @ Miami WMC 2017 in Miani (25.03.17).mp3,Joris Voorn,Joris Voorn,Miami WMC 2017,Joris Voorn,House,2017-03-25
Mr Carmack - Live @ Coachella Music Festival 2016 in California (23.04.16).mp3,Mr Carmack,Mr Carmack,Coachella 2016,Mr Carmack,House,2016
Major Lazer - Live @ Coachella Music Festival 2013 in California (13.04.13).mp3,Major Lazer,Major Lazer,Coachella 2013,Major Lazer,Electronic,2013-04-13
MEDVZA³ Live in Ibiza - End Of Summer Set 2025 @HostalLaTorre [M-sjHoykiLE].opus,End Of Summer Set,MEDUZA,MEDUZA Sets,MEDUZA,House,2025
Lee Foss - Live @ EDC 2017 in Las Vegas (17.06.17).mp3,Lee Foss,Lee Foss,EDC Las Vegas 2017,Lee Foss,House,2017-06-17
Kahn & Neek - Live on Radio 1 Essential Mix (08.04.17).mp3,Kahn & Neek 2017,Kahn & Neek,Essential Mix,Kahn & Neek,Electronic,2017-04-08
Matthew Herbert - Live on Radio 1 Essential Mix (11.07.15).mp3,Matthew Herbert 2015,Matthew Herbert,Essential Mix,Matthew Herbert,Electronic,2015
Kryder - Live on Radio 1 Essential Mix (21.03.15).mp3,Kryder 2015,Kryder,Essential Mix,Kryder,House,2015-03-21
Joris Voorn - Live on Radio 1 Essential Mix (31.01.15).mp3,Joris Voorn 2015,Joris Voorn,Essential Mix,Joris Voorn,Techno,2015-01-31
Major Lazer - Live @ Coachella Music Festival 2016 in California (24.04.16).mp3,Major Lazer,Major Lazer,Coachella 2016,Major Lazer,House,2016-04-24
Meduza Live From Hï Ibiza's Club Room • 2023 [2jSKqaBiYvc].opus,Hi Ibiza Club Room 2023,MEDUZA,MEDUZA Sets,MEDUZA,House,2023
Lee Foss - Live on Radio 1 Essential Mix (10.11.12).mp3,Lee Foss 2012,Lee Foss,Essential Mix,Lee Foss,House,2012
Matthias Tanzmann - Live on Radio 1 Essential Mix (05.12.15).mp3,Matthias Tanzmann 2015,Matthias Tanzmann,Essential Mix,Matthias Tanzmann,House,2015-12-05
Meduza WE1 ｜ Tomorrowland 2025 [jdFzWiq3A5c].opus,MEDUZA,MEDUZA,Tomorrowland 2025,Various Artists,House,2025
Jackmaster - Live @ Glastonbury 2017 in Sommerset (23.06.17).mp3,Jackmaster,Jackmaster,Glastonbury 2017,Jackmaster,House,2017-06-23
Kshmr - Live @ Coachella Music Festival 2016 in California (24.04.16).mp3,Kshmr,Kshmr,Coachella 2016,Kshmr,House,2016-04-24
Mau P - Live From Coachella 2025 [wxKkaBoEWCk].opus,Mau P,Mau P,Coachella 2025,Various Artists,Tech House,2025
Kampire - Live on Radio 1 Essential Mix (05.02.22).mp3,Kampire 2022,Kampire,Essential Mix,Kampire,Electronic,2022
Lil Silva - Live on Radio 1 Essential Mix (04.06.22).mp3,Lil Silva 2022,Lil Silva,Essential Mix,Lil Silva,Electronic,2022-06-04
James_Hype_B2B_Meduza_live_at_OUR_HOUSE_Amsterdam_2023.mp3,"Our House, Amsterdam, James Hype B2B Meduza",James Hype & MEDUZA,James Hype & MEDUZA Sets,James Hype & MEDUZA,House,2023
Kungs - Live @ Coachella Music Festival 2017 in California (14.04.17).mp3,Kungs,Kungs,Coachella 2017,Kungs,House,2017-04-14
Mura Masa - Live on Radio 1 Essential Mix (08.07.17).mp3,Mura Masa 2017,Mura Masa,Essential Mix,Mura Masa,Electronic,2017
Jackmaster - Live on Radio 1 Essential Mix (17.05.14).mp3,Jackmaster 2014,Jackmaster,Essential Mix,Jackmaster,Electronic,2014-05-17
Mall Grab - Live on Radio 1 Essential Mix (02.12.17).mp3,Mall Grab 2017,Mall Grab,Essential Mix,Mall Grab,House,2017
"Radio 1's Essential Mix, Joris Voorn.mp4",Joris Voorn,Joris Voorn,Essential Mix,Various Artists,Techno,
Meduza_Live_From_Hi_Ibiza_s_Club_Room_2023.mp3,"Hi Ibiza Club Room, 2023",MEDUZA,MEDUZA Sets,MEDUZA,House,2023
Mura Masa - Live @ Coachella Music Festival 2017 in California (15.04.17).mp3,Mura Masa,Mura Masa,Coachella 2017,Mura Masa,Electronic,2017-04-15
Kutski - Live on Radio 1 Essential Mix (01.11.14).mp3,Kutski 2014,Kutski,Essential Mix,Kutski,Electronic,2014-11-01
Jackmaster b2b Oneman - Live @ Glastonbury 2014 in Somerset (28.06.14).mp3,Jackmaster b2b Oneman,Jackmaster & Oneman,Glastonbury 2014,Jackmaster & Oneman,Electronic,2014-06-28
Meduza³ pres： Matt live dj set ｜ ID Room #1 [9HfoqOdNlZo].opus,MEDUZA Presents: Matt Live DJ Set,MEDUZA,MEDUZA Sets,MEDUZA,Electronic,
Lilly Palmer - Live on Radio 1 Essential Mix (28.05.22).mp3,Lilly Palmer 2022,Lilly Palmer,Essential Mix,Lilly Palmer,Electronic,2022-05-28
Paul Oakenfold - Live @ Coachella Music Festival 2013 in California (13.04.13).mp3,Paul Oakenfold,Paul Oakenfold,Coachella 2013,Paul Oakenfold,Electronic,2013-04-13
Mall Grab - Live on Radio 1 Essential Mix (13.08.22).mp3,Mall Grab 2022,Mall Grab,Essential Mix,Mall Grab,House,2022-08-13
Meduza³ pres： Matt live dj set ｜ ID Room #2 [P04myMdsUFY].opus,MEDUZA Presents: Matt live dj set - room 2,MEDUZA,MEDUZA Sets,MEDUZA,House,
My Nu Leng - Live on Radio 1 Essential Mix (11.02.17).mp3,My Nu Leng 2017,My Nu Leng,Essential Mix,My Nu Leng,House,2017
Max Cooper - Live on Radio 1 Essential Mix (28.02.15).mp3,Max Cooper 2015,Max Cooper,Essential Mix,Max Cooper,Electronic,2015
L-Vis 1990 - Live on Radio 1 Essential Mix (07.01.12).mp3,L-Vis 1990 2012,L-Vis 1990,Essential Mix,L-Vis 1990,Electronic,2012-01-07
Jacques Lu Cont - Live on Radio 1 Essential Mix (14.07.12).mp3,Jacques Lu Cont 2012,Jacques Lu Cont,Essential Mix,Jacques Lu Cont,Electronic,2012-07-14
Marcel Dettmann - Live on Radio 1 Essential Mix (19.04.14).mp3,Marcel Dettmann 2014,Marcel Dettmann,Essential Mix,Marcel Dettmann,Techno,2014-04-19
Karlsson & Winnberg - Live on Radio 1 Essential Mix (15.09.12).mp3,Karlsson & Winnberg 2012,Karlsson & Winnberg,Essential Mix,Karlsson & Winnberg,Electronic,2012-09-15
"Radio 1 Dance Presents..., Armada Music_ Lilly Palmer.mp4",Lilly Palmer,Lilly Palmer,Radio 1 Dance Presents...,Various Artists,Dance,
Nina Kraviz - Live on Radio 1 Essential Mix (12.05.12).mp3,Nina Kraviz 2012,Nina Kraviz,Essential Mix,Nina Kraviz,Techno,2012-05-12
Kaskade - Live @ Coachella Festival 2012 in California (14.04.12).mp3,Kaskade,Kaskade,Coachella 2012,Kaskade,House,2012-04-14
Marco Carola - Live on Radio 1 Essential Mix (08.11.14).mp3,Marco Carola 2014,Marco Carola,Essential Mix,Marco Carola,Tech House,2014-11-08
Selected_Sessions_Meduza_Iceland_DJ_Set.mp3,Iceland DJ Set,MEDUZA,MEDUZA Sets,MEDUZA,House,
"Radio 1's Dance Weekend, Introducing Dance with Jaguar Sleepy SZN Special.mp4",Jaguar,Jaguar,Radio 1's Dance Weekend,Various Artists,Dance,
Liquid Soul - Live on Radio 1 Essential Mix (20.09.14).mp3,Liquid Soul 2014,Liquid Soul,Essential Mix,Liquid Soul,Psytrance,2014-09-20
"Max Dean B2B Luke Dean, neXup Stage, Mint Festival [--pWNwDDOu4].opus",Max Dean B2B Luke Dean,Max Dean & Luke Dean,Mint Festival,Various Artists,House,
"Paul Oakenfold - Live @ Radio 1 Essential Mix Ibiza 20 Part 4, Space (26.07.15).mp3",Paul Oakenfold 2015,Paul Oakenfold,Essential Mix,Paul Oakenfold,Electronic,2015-07-26
"MIKA - Finale Top14, Stade de France, Paris – June 2018 [MxYE0RSOu4o].opus","Finale Top14, Stade de France",MIKA,MIKA Sets,MIKA,Pop,2018
"Pete Tong & Hot Since 82 - Live @ Radio 1 Party, Ushuaia in Ibiza (01.08.14).mp3",Pete Tong & Hot Since 82,Pete Tong & Hot Since 82,Ushuaia 2014,Pete Tong & Hot Since 82,House,2014-08-01
Little Drago - Live @ Coachella Music Festival 2017 in California (14.04.17).mp3,Little Drago,Little Drago,Coachella 2017,Little Drago,Electronic,2017-04-14
Kaskade - Live @ Coachella Music Festival 2015 in California (12.04.15).mp3,Kaskade,Kaskade,Coachella 2015,Kaskade,House,2015-04-12
Max Dean ｜ ANTS 2025 - Live at Ushuaïa Ibiza #Livestream [7QtNWKXSBDw].opus,Max Dean,Max Dean,ANTS 2025 Ushuaia,Various Artists,House,2025
"Radio 1's Essential Mix, Myd.mp4",Myd,Myd,Essential Mix,Various Artists,House,
Paul Oakenfold - Live on Radio 1 Essential Mix (21.07.12).mp3,Paul Oakenfold 2012,Paul Oakenfold,Essential Mix,Paul Oakenfold,Trance,2012-07-21
LP Giobbi - Live on Radio 1 Essential Mix (16.09.22).mp3,LP Giobbi 2022,LP Giobbi,Essential Mix,LP Giobbi,Electronic,2022-09-16
Marco Faraone & Eats Everything - Live @ Amnesia in Ibiza (31.07.22).mp3,Live at Amnesia Ibiza,Marco Faraone & Eats Everything,Marco Faraone & Eats Everything Sets,Marco Faraone & Eats Everything,House,2022-07-31
MIKA_BERCY_2024_-_ACCOR_ARENA_PARIS_25.03.24.mp3,"Apocalypse Calipso Tour, Bercy, Paris",MIKA,MIKA Sets,MIKA,Pop,2024-03-25
Nina Las Vegas - Live @ Coachella Music Festival 2016 in California (22.04.16).mp3,Nina Las Vegas,Nina Las Vegas,Coachella 2016,Nina Las Vegas,House,2016-04-22
Pete Tong & Sasha - Live @ Radio 1 Essential Mix Ibiza 20 Special Part 1 (25.07.15).mp3,Pete Tong & Sasha 2015,Pete Tong & Sasha,Essential Mix,Pete Tong & Sasha,House,2015-07-25
"Radio 1's Dance Weekend, Dance Anthems Ibiza, LP Giobbi.mp4",LP Giobbi,LP Giobbi,Radio 1's Dance Weekend,Various Artists,House,
"MK - Live @ Radio 1 Party, Ushuaia in Ibiza (01.08.14).mp3",MK,MK,Ushuaia 2014,MK,House,2014-08-01
Loco Dice - Live @ Coachella Music Festival 2013 in California (13.04.13).mp3,Loco Dice,Loco Dice,Coachella 2013,Loco Dice,House,2013-04-13
Paul Woolford - Live on Radio 1 Essential Mix (14.11.15).mp3,Paul Woolford 2015,Paul Woolford,Essential Mix,Paul Woolford,House,2015-11-14
Nav - Live @ Coachella Music Festival 2017 in California (15.04.17).mp3,Nav,Nav,Coachella 2017,Nav,Hip Hop,2017-04-15
Maribou State - Live on Radio 1 Essential Mix (02.01.15).mp3,Maribou State 2015,Maribou State,Essential Mix,Maribou State,Electronic,2015-01-02
LP Giobbi & Ben Hemsley - Live @ Radio 1 Big Weekend in Coventry (18.06.22).mp3,LP Giobbi & Ben Hemsley,LP Giobbi & Ben Hemsley,Radio 1 Big Weekend 2022,LP Giobbi & Ben Hemsley,House,2022-06-18
Pete Tong b2b Kolsch - Live @ Glastonbury 2014 in Somerset (28.06.14).mp3,Pete Tong b2b Kölsch,Pete Tong & Kölsch,Glastonbury Festival 2014,Pete Tong & Kölsch,House,2014-06-28
Max Styler Live @ ANTS Ushuaïa Ibiza 2025 [9m6GHuC7KH8].opus,Max Styler,Max Styler,ANTS 2025 Ushuaia,Various Artists,House,2025
Nocturnal Sunshine - Live on Radio 1 Essential Mix (13.03.20).mp3,Nocturnal Sunshine 2020,Nocturnal Sunshine,Essential Mix,Nocturnal Sunshine,Electronic,2020-03-13
Peggy Gou - Live @ Glastonbury 2017 in Sommerset (23.06.17).mp3,Peggy Gou,Peggy Gou,Glastonbury Festival 2017,Peggy Gou,House,2017-06-23
Nero - Live @ Coachella Music Festival 2015 in California (10.04.15).mp3,Nero,Nero,Coachella 2015,Nero,Dubstep,2015-04-10
MK - Live on Radio 1 Essential Mix (08.02.14).mp3,MK 2014,MK,Essential Mix,MK,House,2014-02-08
Loco Dice - Live on Radio 1 Essential Mix (24.10.15).mp3,Loco Dice 2015,Loco Dice,Essential Mix,Loco Dice,Techno,2015-10-24
Rudimental - Live on Radio 1 Essential Mix (29.08.15).mp3,Rudimental 2015,Rudimental,Essential Mix,Rudimental,Drum & Bass,2015-08-29
Nero - Live @ Hackney Weekend 2012 in London (07.07.12).mp3,Nero,Nero,Hackney Weekend 2012,Nero,Drum & Bass,2012
Radio 1 - Live @ Creamfields in Liverpool (01.09.12).mp3,Radio 1,Radio 1,Creamfields 2012,Radio 1,Electronic,2012-09-01
Mark Knight - Live on Radio 1 Essential Mix (22.04.17).mp3,Mark Knight 2017,Mark Knight,Essential Mix,Mark Knight,House,2017-04-22
Max Styler Live @ CRSSD San Diego 2025 [W16F7JYKcVA].opus,Max Styler,Max Styler,CRSSD 2025,Various Artists,House,2025
Phantonogram - Live @ Coachella Music Festival 2017 in California (14.04.17).mp3,Phantonogram,Phantonogram,Coachella 2017,Phantonogram,Electronic,2017-04-14
Lost Frequencies - Live @ Coachella Music Festival 2016 in California (23.04.16).mp3,Lost Frequencies,Lost Frequencies,Coachella 2016,Lost Frequencies,House,2016-04-23
RÜFÜS DU SOL (DJ SET) - Mayan Warrior - Burning Man 2024 - 20240909.opus,Rüfüs Du Sol,Rüfüs Du Sol,Burning Man 2024,Various Artists,House,2024-09-09
Marshmello - Live @ Coachella Music Festival 2017 in California (14.04.17).mp3,Marshmello,Marshmello,Coachella 2017,Marshmello,Electronic,2017-04-14
"Radio 1's Dance Weekend, Dance Anthems Ibiza, MK.mp4",MK,MK,Radio 1's Dance Weekend,Various Artists,House,
Nero - Live on Radio Essential Mix (12.09.15).mp3,Nero 2015,Nero,Essential Mix,Nero,Electronic,2015-09-12
Photek - Live on Radio 1 Essential Mix (06.10.12).mp3,Photek 2012,Photek,Essential Mix,Photek,Drum and Bass,2012-10-06
Louis The Child - Live @ Coachella 2022 in California (19.04.22).mp3,Louis The Child,Louis The Child,Coachella 2022,Louis The Child,Electronic,2022-04-19
Max Styler Live @ EDC Vegas 2025 [N40pkDgwNfg].opus,Max Styler,Max Styler,EDC Las Vegas 2025,Various Artists,House,2025
Peggy Gou - Live @ Glastonbury in Somerset Replay (27.06.20).mp3,Peggy Gou,Peggy Gou,Glastonbury Festival 2020,Peggy Gou,House,2020-06-27
RÜFÜS DU SOL (DJ set) ｜ Mixmag Lab London - 20240809.opus,Mixmag Lab London,Rüfüs Du Sol,Rüfüs Du Sol Sets,Rüfüs Du Sol,House,2024-08-09
New World Punx - Live @ Coachella Music Festival 2015 in California (12.04.15).mp3,New World Punx,New World Punx,Coachella 2015,New World Punx,House,2015-04-12
Marshmello - Live @ Coachella Music Festival 2017 in California (16.04.17).mp3,Marshmello,Marshmello,Coachella 2017,Marshmello,Electronic,2017-04-16
Nora En Pure - Live @ Coachella Music Festival 2017 in California (14.04.17).mp3,Nora En Pure,Nora En Pure,Coachella 2017,Nora En Pure,House,2017-04-14
"Radio 1 - Live @ Enter, Space in Ibiza Part 1 (30.07.15).mp3",Space Ibiza 2015,Radio 1,Radio 1 Sets,Radio 1,Electronic,2015-07-30
Louis The Child - Live @ Coachella Music Festival 2016 in California (22.04.16).mp3,Louis The Child,Louis The Child,Coachella 2016,Louis The Child,Electronic,2016-04-22
Porkchop - Live @ Coachella Music Festival 2017 in California (16.04.17).mp3,Porkchop,Porkchop,Coachella 2017,Porkchop,Electronic,2017-04-16
MK & Steve Angello - Live @ Creamfields 2015 in Ibiza (08.08.15).mp3,MK & Steve Angello,MK & Steve Angello,Creamfields 2015,MK & Steve Angello,House,2015-08-08
RÜFÜS DU SOL - Live from Joshua Tree - 20200305.opus,Live from Joshua Tree,Rüfüs Du Sol,Rüfüs Du Sol Sets,Rüfüs Du Sol,Electronic,2020-03-05
Max_Styler_Live_@_EDC_Vegas_2024.mp3,Max Styler,Max Styler,EDC Las Vegas 2024,Max Styler,Electronic,2024
Martin Garrix - Live @ Coachella Music Festival 2014 in California (13.04.14).mp3,Martin Garrix,Martin Garrix,Coachella 2014,Martin Garrix,Electronic,2014-04-13
Nic Fanciulli - Live @ Coachella Music Festival 2016 in California (22.04.16).mp3,Nic Fanciulli,Nic Fanciulli,Coachella 2016,Nic Fanciulli,House,2016-04-22
Object Blue - Live on Radio 1 Essential Mix-(15.08.20).mp3,Object Blue 2020,Object Blue,Essential Mix,Object Blue,Electronic,2020-08-15
MORTEN live @ Tomorrowland Freedom Stage 2024 [EUFgQxRbNtQ].opus,MORTEN,MORTEN,Tomorrowland 2024,Various Artists,House,2024
Porter Robinson - Live @ Coachella Music Festival 2015 in California (10.04.15).mp3,Porter Robinson,Porter Robinson,Coachella 2015,Porter Robinson,Electronic,2015-04-10
Radio 1 - Live @ T In The Park Slam in Glasgow (18.07.15).mp3,"T In the Park, Glasgow 2015",Radio 1,Radio 1 Sets,Radio 1,Electronic,2015-07-18
Low Steppa - Live on Radio 1 Essential Mix (08.08.20).mp3,Low Steppa 2020,Low Steppa,Essential Mix,Low Steppa,House,2020-08-08
Objekt - Live on Radio 1 Essential Mix (03.05.20).mp3,Objekt 2020,Objekt,Essential Mix,Objekt,Electronic,2020-05-03
Maya Jane Coles - Live on Radio 1 Essential Mix (19.08.17).mp3,Maya Jane Coles 2017,Maya Jane Coles,Essential Mix,Maya Jane Coles,Electronic,2017-08-19
Porter Robinson - Live @ Coachella Music Festival 2017 in California (14.04.17).mp3,Porter Robinson,Porter Robinson,Coachella 2017,Porter Robinson,Electronic,2017-04-14
The Radio 1 Ibiza Prom [xs3BXVTF7mw].opus,Radio 1 Ibiza Prom,Radio 1,Classical House,Various Artists,Dance,
Maceo Plex - Live on Radio 1 Essential Mix (07.11.15).mp3,Maceo Plex 2015,Maceo Plex,Essential Mix,Maceo Plex,Techno,2015-11-07
RÜFÜS DU SOL ｜ Lollapalooza Chicago 2025 ｜ Full Set - 20250803.opus,Rüfüs Du Sol,Rüfüs Du Sol,Lollapalooza Chicago 2025,Various Artists,House,2025-08-03
Martin Garrix - Live @ Coachella Music Festival 2017 in California (14.04.17).mp3,Martin Garrix,Martin Garrix,Coachella 2017,Martin Garrix,Electronic,2017-04-14
Porter Robinson - Live @ Coachella Music Festival 2017 in California (16.04.17).mp3,Porter Robinson,Porter Robinson,Coachella 2017,Porter Robinson,Electronic,2017-04-16
Nic Fanciulli - Live on Radio 1 Essential Mix (11.11.17).mp3,Nic Fanciulli 2017,Nic Fanciulli,Essential Mix,Nic Fanciulli,House,2017-11-11
Lucianco - Live @ Coachella Music Festival 2013 in California (13.04.13).mp3,Lucianco,Lucianco,Coachella 2013,Lucianco,Electronic,2013-04-13
"Radio 1's Classic Essential Mix, Peggy Gou 2018.mp4",Peggy Gou 2018,Peggy Gou,Essential Mix,Various Artists,House,2018
Rufus - Live @ Coachella Music Festival 2016 in California (23.04.16).mp3,Rüfüs Du Sol,Rüfüs Du Sol,Coachella 2016,Rüfüs Du Sol,House,2016-04-23
Radiohead - Live @ Coachella Festival 2012 in California (14.04.12).mp3,Radiohead,Radiohead,Coachella 2012,Radiohead,Alternative Rock,2012-04-14
Porter Robinson - Live @ Essential Mix in Hull (28.01.12).mp3,Porter Robinson 2012,Porter Robinson,Essential Mix,Porter Robinson,Electronic,2012-01-28
Maceo Plex - Live on Radio 1 Essential Mix (18.02.12).mp3,Maceo Plex 2012,Maceo Plex,Essential Mix,Maceo Plex,Electronic,2012-02-18
Michael Bibi - Live on Radio 1 Essential Mix (20.06.20).mp3,Michael Bibi 2020,Michael Bibi,Essential Mix,Michael Bibi,House,2020-06-20
Martin Garrix - Live @ Coachella Music Festival 2017 in California (15.04.17).mp3,Martin Garrix,Martin Garrix,Coachella 2017,Martin Garrix,Electronic,2017-04-15
M83 - Live @ Coachella Festival 2012 in California (14.04.12).mp3,M83,M83,Coachella 2012,M83,Electronic,2012-04-14
Nicky Holloway - Live @ Radio 1 Essential Mix Ibiza 20 Special Part 9 (01.08.15).mp3,Nicky Holloway 2015,Nicky Holloway,Essential Mix,Nicky Holloway,Electronic,2015-08-01
Michael Canitrot for the reopening of Notre-Dame de Paris - Monumental Tour [4BaDPxuPBeM].opus,Reopening of Notre Dame de Paris,Michael Canitrot,Michael Canitrot Sets,Michael Canitrot,House,
Pet Shop Boys - Live @ Coachella Music Festival 2014 in California (13.04.14).mp3,Pet Shop Boys,Pet Shop Boys,Coachella 2014,Pet Shop Boys,Electronic,2014-04-13
Madeon - Live @ Coachella 2022 in California (19.04.22).mp3,Madeon,Madeon,Coachella 2022,Madeon,Electronic,2022-04-19
Rustie - Live on Radio 1 Essential Mix (07.04.12).mp3,Rustie 2012,Rustie,Essential Mix,Rustie,Electronic,2012-04-07
Oliver Dollar - Live on Radio 1 Essential Mix (20.12.14).mp3,Oliver Dollar 2014,Oliver Dollar,Essential Mix,Oliver Dollar,House,2014-12-20
Porter Robinson - Live on Essential Mix (21.06.14).mp3,Porter Robinson 2014,Porter Robinson,Essential Mix,Porter Robinson,Electronic,2014-06-21
Radiohead - Live @ Coachella Music Festival 2017 in California (14.04.17).mp3,Radiohead,Radiohead,Coachella 2017,Radiohead,Rock,2017-04-14
Martin Solveig - Live @ Coachella Music Festival 2015 in California (12.04.15).mp3,Martin Solveig,Martin Solveig,Coachella 2015,Martin Solveig,House,2015-04-12
Oliver Heldens - Live @ Coachella Music Festival 2015 in California (10.04.15).mp3,Oliver Heldens,Oliver Heldens,Coachella 2015,Oliver Heldens,House,2015
Madeon - Live @ Coachella Festival 2012 in California (14.04.12).mp3,Madeon,Madeon,Coachella 2012,Madeon,Electronic,2012-04-14
Prospa - Essential Mix (Full Audio) [I63V4aJuyPA].opus,Prospa,Prospa,Essential Mix,Various Artists,House,
Ratatat - Live @ Coachella Music Festival 2015 in California (11.04.15).mp3,Ratatat,Ratatat,Coachella 2015,Ratatat,Electronic,2015-04-11
Ryan Elliott - Live on Radio 1 Essential Mix (12.05.20).mp3,Ryan Elliott 2020,Ryan Elliott,Essential Mix,Ryan Elliott,Electronic,2020-05-12
"MEDUZA live @ Drumsheds (London, 2024).mp4",MEDUZA,MEDUZA,Drumsheds,Various Artists,House,2024
Madeon - Live @ Coachella Music Festival 2015 in California (12.04.15).mp3,Madeon,Madeon,Coachella 2015,Madeon,Electronic,2015-04-12
"Radio 1's Dance Weekend, Radio 1 Dance Ibiza, The Martinez Brothers.mp4",The Martinez Brothers,The Martinez Brothers,Radio 1's Dance Weekend,Various Artists,House,
Pete Tong - Live @ Coachella Festival 2002 in California (05.05.02).mp3,Pete Tong,Pete Tong,Coachella 2002,Pete Tong,Electronic,2002-05-05
Nicky Romero - Live @ Coachella Music Festival 2013 in California (13.04.13).mp3,Nicky Romero,Nicky Romero,Coachella 2013,Nicky Romero,House,2013-04-13
Prospa - Live DJs Set @ NYC Pop Up RAW CUTS [Sz1YDUR7WmM].opus,Prospa - NYC Pop Up,Prospa,Prospa Sets,Prospa,House,
Oliver Heldens - Live on Radio 1 Essential Mix (15.07.17).mp3,Oliver Heldens 2017,Oliver Heldens,Essential Mix,Oliver Heldens,House,2017-07-15
SG Lewis ｜ Mixmag Lab London x Forever Days ｜ 2025 - 20250606.opus,Mixmag Lab London,SG Lewis,SG Lewis Sets,SG Lewis,Electronic,2025-06-06
Sam Feldt - Live @ Coachella Music Festival 2016 in California (22.04.16).mp3,Sam Feldt,Sam Feldt,Coachella 2016,Sam Feldt,House,2016-04-22
Miguel Campbell - Live on Radio 1 Essential Mix (25.08.12).mp3,Miguel Campbell 2012,Miguel Campbell,Essential Mix,Miguel Campbell,Electronic,2012-08-25
Pete Tong - Live @ Ibiza Rocks Hotel in Ibiza (02.08.15).mp3,Pete Tong,Pete Tong,Ibiza Rocks 2015,Pete Tong,House,2015-08-02
Rebekah - Live on Radio 1 Essential Mix (16.09.17).mp3,Rebekah 2017,Rebekah,Essential Mix,Rebekah,Techno,2017-09-16
Nicky Romero - Live on Radio 1 Essential Mix (28.04.12).mp3,Nicky Romero 2012,Nicky Romero,Essential Mix,Nicky Romero,House,2012-04-28
Oliver Heldens Live at The Edge NYC ｜ Epic 2-Hour DJ Set from Marquee Skydeck (Heights Warning!)[4K] [98u3AJVEL8Q].opus,The Edge NYC,Oliver Heldens,Oliver Heldens Sets,Oliver Heldens,House,
Simian Mobile Disco - Live on Radio 1 Essential Mix (14.01.17).mp3,Simian Mobile Disco 2017,Simian Mobile Disco,Essential Mix,Simian Mobile Disco,Electronic,2017-01-14
Pete Tong - Live @ Privilege in Ibiza (04.08.12).mp3,"Pete Tong, Ibiza, 2012",Pete Tong,Pete Tong Sets,Pete Tong,House,2012
"Prospa ｜ Into Reality ｜ The Warehouse, Leeds UK [9fb45vCcLks].opus","Warehouse, Leeds",Prospa,Prospa Sets,Prospa,Tech House,
"Ministry of Sound Classical, live from Sidney Myer Music Bowl! [JbUUcPGBIDk].opus","Ministry of Sound Classical, Brisbane",Ministry of Sound Classical,Classical House,Various Artists,House,
Nicolas Jaar - Live on Radio 1 Essential Mix (19.05.12).mp3,Nicolas Jaar 2012,Nicolas Jaar,Essential Mix,Nicolas Jaar,Electronic,2012-05-19
"Radio 1's Essential Mix, Essential Mix of the Year 2024 - Sammy Virji.mp4",Sammy Virji 2024,Sammy Virji,Essential Mix,Various Artists,Electronic,2024
Orla - Live on Radio 1 Essential Mix (07.11.20).mp3,Orla 2020,Orla,Essential Mix,Orla,Electronic,2020-11-07
✨ Revivez l’édition 2025 du POSITIV Electronic Festival ✨ [7IFVmjbini0].opus,POSITIV 2025 Aftermovie,Various Artists,POSITIV Electronic Festival 2025,Various Artists,Electronic,2025
Pete Tong - Live @ The Road To Coachella  (12.04.19).mp3,"Pete Tong, The Road To Coachella 2019",Pete Tong,Pete Tong Sets,Pete Tong,Electronic,2019-04-12
"The Residency on Radio 1 Dance, SG Lewis - Anemoia.mp4",Anemoia,SG Lewis,"The Residency, SG Lewis",SG Lewis,Electronic,
Nicolas Jaar - Live on Radio 1 Essential Mix (19.05.20).mp3,Nicolas Jaar 2020,Nicolas Jaar,Essential Mix,Nicolas Jaar,Electronic,2020-05-19
Prospa ｜ NYC Pop Up ｜ RAW CUTS [k7Is8v-XEhQ].opus,NYC Pop up,Prospa,Prospa Sets,Prospa,House,
Sander Kleinenberg - Live @ The Road To Coachella  (12.04.19).mp3,The Road To Coachella 2019,Sander Kleinenberg,Sander Kleinenberg Sets,Sander Kleinenberg,House,2019-04-12
Moby - Live @ Coachella Music Festival 2013 in California (13.04.13).mp3,Moby,Moby,Coachella 2013,Moby,Electronic,2013-04-13
Martyn - Live on Radio 1 Essential Mix (17.03.12).mp3,Martyn 2012,Martyn,Essential Mix,Martyn,Electronic,2012-03-17
Sarah Story & Jaguar - Live @ Radio 1 Big Weekend in Coventry (18.06.22).mp3,Sarah Story & Jaguar,Sarah Story & Jaguar,Radio 1 Big Weekend 2022,Sarah Story & Jaguar,House,2022-06-18
Rebuke - Live on Radio 1 Essential Mix (22.08.20).mp3,Rebuke 2020,Rebuke,Essential Mix,Rebuke,Techno,2020-08-22
Nicolas Jar - Live @ Coachella Music Festival 2014 in California (13.04.14).mp3,Nicolas Jaar,Nicolas Jaar,Coachella 2014,Nicolas Jaar,Electronic,2014-04-13
"Massano @ Ribblehead Viaduct (Yorkshire Dales, UK) [Melodic Techno Set 2025] [37T8LaFlrQM].opus",Melodic Techno Set 2025,Massano,Massano Sets,Massano,Melodic Techno,2025
Pete Tong - Live on Radio 1 Essential Mix (20.04.12).mp3,Pete Tong 2012,Pete Tong,Essential Mix,Pete Tong,Electronic,2012-04-20
Prospa_Boiler_Room_-_Sydney.mp3,Prospa Sydney,Prospa,Boiler Room,Prospa,Techno,2024
Pan-Pot - Live on Radio 1 Essential Mix (28.01.17).mp3,Pan-Pot 2017,Pan-Pot,Essential Mix,Pan-Pot,Techno,2017-01-28
Sir Spyro - Live @ EDC 2017 in Las Vegas (17.06.17).mp3,Sir Spyro,Sir Spyro,EDC Las Vegas 2017,Sir Spyro,Electronic,2017
"The Residency on Radio 1 Dance, SG Lewis - Heroes with TEED.mp4",Heroes with TEED,SG Lewis,"The Residency, SG Lewis",SG Lewis,Electronic,
Matador - Live on Radio 1 Essential Mix (05.07.14).mp3,Matador 2014,Matador,Essential Mix,Matador,Techno,2014
Nicole Moudaber - Live @ Coachella 2019 in California (19.04.19).mp3,Nicole Moudaber,Nicole Moudaber,Coachella 2019,Nicole Moudaber,Techno,2019-04-19
"Pete Tong's Hot Mix, Adam Ten.mp4","Hot Mix, Adem Ten",Pete Tong,Pete Tong Hot Mix,Pete Tong,House,
Moderat - Live @ Coachella Music Festival 2017 in California (15.04.17).mp3,Moderat,Moderat,Coachella 2017,Moderat,Electronic,2017-04-15
Redlight - Live on Radio 1 Essential Mix (21.02.15).mp3,Redlight 2015,Redlight,Essential Mix,Redlight,Electronic,2015-02-21
SNBRN - Live @ Coachella Music Festival 2017 in California (14.04.17).mp3,SNBRN,SNBRN,Coachella 2017,SNBRN,House,2017-04-14
Skream - Live on Radio 1 Essential Mix (04.01.20).mp3,Skream 2020,Skream,Essential Mix,Skream,House,2020-01-04
Sasha - Live @ Coachella Festival 2011 in California (15.04.11).mp3,Sasha,Sasha,Coachella 2011,Sasha,Electronic,2011-04-15
Prospa_Live_at_Electric_Brixton_2023.mp3,Electric Brixton 2023,Prospa,Prospa Sets,Prospa,House,2023
"Pete Tong's Hot Mix, David Mackay, Fur Coat, Max Styler and more.mp4","Hot Mix, David Mackay, Fur Coat, Max Styler and more",Pete Tong,Pete Tong Hot Mix,Pete Tong,Electronic,
Skrillex - Live @ Coachella Music Festival 2014 in California (13.04.14).mp3,Skrillex,Skrillex,Coachella 2014,Skrillex,Electronic,2014-04-13
Sasha - Live @ Coachella Music Festival 2017 in California (16.04.17).mp3,Sasha,Sasha,Coachella 2017,Sasha,Electronic,2017-04-16
Mathame - Live on Radio 1 Essential Mix (03.10.20).mp3,Mathame 2020,Mathame,Essential Mix,Mathame,House,2020-10-03
Rehab - Live on Radio 1 Essential Mix (15.02.14).mp3,Rehab 2014,Rehab,Essential Mix,Rehab,Tech House,2014-02-15
Moguai - Live on Radio 1 Essential Mix (10.03.12).mp3,Moguai 2012,Moguai,Essential Mix,Moguai,Electronic,2012-03-10
"Radio 1 Dance Presents..., Drumsheds Prospa.mp4",Prospa,Prospa,Drumsheds,Various Artists,House,
Slander - Live @ Coachella 2022 in California (19.04.22).mp3,Slander,Slander,Coachella 2022,Slander,Dubstep,2022-04-19
"Pete Tong's Hot Mix, Moojo.mp4","Hot Mix, Moojo",Pete Tong,Pete Tong Hot Mix,Pete Tong,House,
Nicole Moudaber - Live @ Coachella Music Festival 2014 in California (13.04.14).mp3,Nicole Moudaber,Nicole Moudaber,Coachella 2014,Nicole Moudaber,Techno,2014-04-13
Paco Osuna - Live on Radio 1 Essential Mix (30.05.20).mp3,Paco Osuna 2020,Paco Osuna,Essential Mix,Paco Osuna,Techno,2020
Matoma - Live @ Coachella Music Festival 2016 in California (23.04.16).mp3,Matoma,Matoma,Coachella 2016,Matoma,House,2016-04-23
Rinse HQ067 ｜ Prospa B2B DJ Seinfeld [jf7UkY3gmiY].opus,Prospa & DJ Seinfeld B2B Set - Rinse HQ067,Prospa & DJ Seinfeld,Prospa & DJ Seinfeld Sets,Prospa & DJ Seinfeld,House,
SPFDJ - Live on Radio 1 Essential Mix (12.03.22).mp3,SPFDJ 2022,SPFDJ,Essential Mix,SPFDJ,Techno,2022-03-12
Snails - Live @ Coachella Music Festival 2016 in California (23.04.16).mp3,Snails,Snails,Coachella 2016,Snails,Dubstep,2016-04-23
Sasha - Live on Radio 1 Essential Mix - Mandila Vale Replay (27.02.20).mp3,Sasha 2020,Sasha,Essential Mix,Sasha,House,2020-02-27
Monika Kruse - Live on Radio 1 Essential Mix (01.04.17).mp3,Monika Kruse 2017,Monika Kruse,Essential Mix,Monika Kruse,Techno,2017-04-01
"Pete Tong's Hot Mix, OMRI., Goom Gum, Max Styler, Sasha and more.mp4","Hot Mix, OMRI., Goom Gum, Max Styler, Sasha and more",Pete Tong,Pete Tong Hot Mix,Pete Tong,House,
SWITCH DISCO - LIVE DJ SET FROM IBIZA ROCKS 2024 (IBIZA DANCE ANTHEMS) [7R5HeDbmY9c].opus,Switch Disco,Switch Disco,Switch Disco Sets,Switch Disco,House,2024
Ricardo Villalobos & Raresh - Live @ Amnesia in Ibiza (18.07.20).mp3,Amnesia Ibiza,Ricardo Villalobos & Raresh,Ricardo Villalobos & Raresh Sets,Ricardo Villalobos & Raresh,House,2020-07-18
"Monki - Live @ Radio 1 Party, Ushuaia Hotel in Ibiza (31.07.15).mp3",Monki,Monki,Ushuaia 2015,Monki,Electronic,2015-07-31
Strange Club - Live @ Coachella Music Festival 2017 in California (14.04.17).mp3,Strange Club,Strange Club,Coachella 2017,Strange Club,Electronic,2017-04-14
PartyWave - Live @ Coachella Music Festival 2017 in California (14.04.17).mp3,PartyWave,PartyWave,Coachella 2017,PartyWave,Electronic,2017-04-14
Sofia Kourtesis - Live on Radio 1 Essential Mix (09.04.22).mp3,Sofia Kourtesis 2022,Sofia Kourtesis,Essential Mix,Sofia Kourtesis,Electronic,2022
"Sasha & Pete Tong - Live @ Radio 1 Party, Cream, Privilege in Ibiza (02.08.14).mp3",Sasha & Pete Tong,Sasha & Pete Tong,Cream Ibiza 2014,Sasha & Pete Tong,House,2014-08-02
Nicole Moudaber - Live on Radio 1 Essential Mix (23.06.12).mp3,Nicole Moudaber 2012,Nicole Moudaber,Essential Mix,Nicole Moudaber,Techno,2012-06-23
Purple Disco Machine - Live on Radio 1 Essential Mix (21.10.17).mp3,Purple Disco Machine 2017,Purple Disco Machine,Essential Mix,Purple Disco Machine,House,2017-10-21
"Pete Tong's Hot Mix, with Eats Everything.mp4","Hot Mix, with Eats Everything",Pete Tong,Pete Tong Hot Mix,Pete Tong,House,
Mountain Of Youth - Live @ Coachella Music Festival 2016 in California (24.04.16).mp3,Mountain Of Youth,Mountain Of Youth,Coachella 2016,Mountain Of Youth,Electronic,2016-04-24
SWITCH DISCO - THE SWITCH UP ＊＊OVER 140 SONGS IN 45 MINUTES!!＊＊ [drNH0rEpZUg].opus,The Switch Up,Switch Disco,Switch Disco Sets,Switch Disco,House,
Richie Hawtin - Live @ Coachella 2022 in California (19.04.22).mp3,Richie Hawtin,Richie Hawtin,Coachella 2022,Richie Hawtin,Electronic,2022-04-19
Soichi Terada - Live on Radio 1 Essential Mix (05.03.22).mp3,Soichi Terada 2022,Soichi Terada,Essential Mix,Soichi Terada,House,2022-03-05
"Radio 1 Anthems, Huge Radio 1 Anthems!.mp4",Radio 1 Anthems,Pete Tong,Pete Tong Sets,Pete Tong,Electronic,
Schak_The_Lab_London_Mixmag.mp3,Mixmag Lab London,Schak,Schak Sets,Schak,House,2023
Chemical Brothers - Live @ Coachella Festival 2009 in California (18.04.09).mp3,The Chemical Brothers,The Chemical Brothers,Coachella 2009,The Chemical Brothers,Electronic,2009-04-18
Patrice Baumel - Live on Radio 1 Essential Mix (23.09.17).mp3,Patrice Baumel 2017,Patrice Baumel,Essential Mix,Patrice Baumel,House,2017-09-23
Richie Hawtin - Live @ Coachella Festival 2010 in California (18.04.10).mp3,Richie Hawtin,Richie Hawtin,Coachella 2010,Richie Hawtin,Techno,2010-04-18
Nina Kraviz - Live on Radio 1 Essential Mix (07.10.17).mp3,Nina Kraviz 2017,Nina Kraviz,Essential Mix,Nina Kraviz,Techno,2017-10-07
"Radio 1 Dance Presents..., Radio 1 in Ibiza_ Pete Tong at ANTS, Ushuaïa.mp4",Pete Tong ANTS Ushuaia,Pete Tong,Pete Tong Sets,Pete Tong,House,
Patrick Topping - Live @ Radio 1 Big Weekend in Coventry (18.06.22).mp3,Patrick Topping,Patrick Topping,Radio 1 Big Weekend 2022,Patrick Topping,House,2022-06-18
Purple Disco Machine House Set - Glitterbox Hï Ibiza [yRYPwUxAGLQ] A.opus,House Set - Glitterbox Hi Ibiza,Purple Disco Machine,Purple Disco Machine Sets,Purple Disco Machine,House,
The Chemical Brothers - Live @ Coachella Festival 2011 in California (15.04.11).mp3,The Chemical Brothers,The Chemical Brothers,Coachella 2011,The Chemical Brothers,Electronic,2011-04-15
Richie Hawtin - Live @ Coachella Music Festival 2017 in California (14.04.17).mp3,Richie Hawtin,Richie Hawtin,Coachella 2017,Richie Hawtin,Techno,2017-04-14
Scratchclart - Live on Radio 1 Essential Mix (12.11.22).mp3,Scratchclart 2022,Scratchclart,Essential Mix,Scratchclart,Electronic,2022-11-12
Studio Barnhus – Live on Radio 1 Essential Mix (05.09.20).mp3,Studio Barnhus 2020,Studio Barnhus,Essential Mix,Studio Barnhus,Electronic,2020
Pete Tong & Franky Wah - Live @ Radio 1 Big Weekend in Coventry (18.06.22).mp3,Pete Tong & Franky Wah,Pete Tong & Franky Wah,Radio 1 Big Weekend 2022,Pete Tong & Franky Wah,House,2022-06-18
R3hab - Live @ Coachella Music Festival 2015 in California (10.04.15).mp3,R3hab,R3hab,Coachella 2015,R3hab,House,2015-04-10
The Glitch Mob - Live @ Coachella Music Festival 2014 in California (13.04.14).mp3,The Glitch Mob,The Glitch Mob,Coachella 2014,The Glitch Mob,Electronic,2014-04-13
Warp Records - Live on Radio Essential Mix (13.12.14).mp3,Warp Records 2014,Warp Records,Essential Mix,Warp Records,Electronic,2014-12-13
Patrick Topping - Live on Radio 1 Essential Mix (18.04.15).mp3,Patrick Topping 2015,Patrick Topping,Essential Mix,Patrick Topping,Tech House,2015-04-18
"Radio 1 Dance Presents..., Ibiza Ants - Solardo.mp4","Solardo, ANTS Ibiza",Solardo,Radio 1 Dance Presents...,Various Artists,Tech House,
The XX - Live @ Coachella Music Festival 2017 in California (14.04.17).mp3,The xx,The xx,Coachella 2017,The xx,Indie Pop,2017-04-14
Patrick Topping DJ Set Live @ Trick Edinburgh 2023 [0L9a8ADDDes].opus,"Patrick Topping, Trick Edinburgh",Patrick Topping,Patrick Topping Sets,Patrick Topping,Tech House,2023
Waze & Odyssey - Live on Radio 1 Essential Mix (07.02.15).mp3,Waze & Odyssey 2015,Waze & Odyssey,Essential Mix,Waze & Odyssey,House,2015-02-07
Solardo - Live on Radio 1 Essential Mix (10.06.17).mp3,Solardo 2017,Solardo,Essential Mix,Solardo,House,2017-06-10
Richy Ahmed - Live on Radio 1 Essential Mix (29.11.14).mp3,Richy Ahmed 2014,Richy Ahmed,Essential Mix,Richy Ahmed,House,2014-11-29
What So Not - Live @ Coachella Music Festival 2015 in California (12.04.15).mp3,What So Not,What So Not,Coachella 2015,What So Not,Electronic,2015-04-12
SWITCH_DISCO_-_LIVE_DJ_SET_FROM_CARPE_DIEM_BEACH_HVAR_CROATIA_HOUSE_MELODIC_TECHNO_TECH_HOUSE.mp3,"Carpe Diem Beach (Hvar, Croatia)",Switch Disco,Switch Disco Sets,Switch Disco,House,2025
Patrick Topping tech-house set ｜ Mixmag Lab London ｜ Wagtail Rooftop - 20250829.opus,Mixmag Lab London,Patrick Topping,Patrick Topping Sets,Patrick Topping,Tech House,2025-08-29
Scuba - Live on Radio 1 Essential Mix (09.05.15).mp3,Scuba 2015,Scuba,Essential Mix,Scuba,Electronic,2015-05-09
Theo Kottis - Live on Radio 1 Essential Mix (23.07.22).mp3,Theo Kottis 2022,Theo Kottis,Essential Mix,Theo Kottis,Electronic,2022-07-23
Subb-An - Live on Radio 1 Essential Mix (30.08.14).mp3,Subb-An 2014,Subb-An,Essential Mix,Subb-An,House,2014-08-30
RIORDAN LIVE @ EDC VEGAS 2024 [uwUFZsC-KCw].opus,Riordan,Riordan,EDC Las Vegas 2024,Various Artists,Electronic,2024
Pete Tong & Friends - Live @ Radio 1 - Live @ Ushuaia Hotel in Ibiza (03.08.12).mp3,Pete Tong & Friends,Pete Tong & Friends,Ushuaia 2012,Pete Tong & Friends,Electronic,2012-08-03
SWITCH_DISCO_-_LIVE_FROM_DRUMSHEDS_LONDON_UK_2024.mp3,Switch Disco,Switch Disco,Drumsheds,Switch Disco,House,2024
What So Not - Live @ Coachella Music Festival 2017 in California (16.04.17).mp3,What So Not,What So Not,Coachella 2017,What So Not,Electronic,2017-04-16
Solomun - Live on Radio 1 Essential Mix (28.07.12).mp3,Solomun 2012,Solomun,Essential Mix,Solomun,Electronic,2012-07-28
"Radio 1's Dance Weekend, Radio 1 Dance Ibiza, Patrick Topping.mp4",Patrick Topping,Patrick Topping,Radio 1's Dance Weekend,Various Artists,House,
Scuba - Live on Radio 1 Essential Mix (25.02.12).mp3,Scuba 2012,Scuba,Essential Mix,Scuba,Techno,2012-02-25
Sub Focus ｜ Mixmag Lab London - 20241218.opus,Mixmag Lab London,Sub Focus,Sub Focus Sets,Sub Focus,Drum & Bass,2024-12-18
Whethan - Live @ Coachella Music Festival 2017 in California (16.04.17).mp3,Whethan,Whethan,Coachella 2017,Whethan,Electronic,2017-04-16
Solomun ｜ Boiler Room： Tulum [bk6Xst6euQk].opus,Solomun | Tulum,Solomun,Boiler Room,Various Artists,House,
"Riordan @ The Edge, NYC [UvcP9j5QcyQ].opus",The Edge NYC,Riordan,Riordan Sets,Riordan,Electronic,
Patrick Topping & Richie Ahmed - Live @ Glastonbury 2017 in Sommerset (23.06.17).mp3,Patrick Topping & Richie Ahmed,Patrick Topping & Richie Ahmed,Glastonbury 2017,Patrick Topping & Richie Ahmed,House,2017-06-23
Seb Wildblood - Live on Radio 1 Essential Mix (17.04.20).mp3,Seb Wildblood 2020,Seb Wildblood,Essential Mix,Seb Wildblood,Electronic,2020-04-17
Sub Focus & Wilkinson - Live on Radio 1 Essential Mix (10.10.20).mp3,Sub Focus & Wilkinson 2020,Sub Focus & Wilkinson,Essential Mix,Sub Focus & Wilkinson,Drum & Bass,2020-10-10
Riordan DJ Set ｜ Rise Festival 2024 ｜ Mixmag Netherlands + Germany Sessions - 20250113.opus,Rise Festival 2024,Riordan,Riordan Sets,Riordan,House,2024
"Radio 1's Essential Mix, SYREETA.mp4",SYREETA,SYREETA,Essential Mix,Various Artists,Electronic,
Sebastian Ingrosso - Live @ Coachella Festival 2012 in California (14.04.12).mp3,Sebastian Ingrosso,Sebastian Ingrosso,Coachella 2012,Sebastian Ingrosso,House,2012-04-14
Thomas Gold - Live on Radio 1 Essential Mix (03.11.12).mp3,Thomas Gold 2012,Thomas Gold,Essential Mix,Thomas Gold,House,2012
"Sonny Fodera Live from Alexandra Palace, London 2024 [IVceSlZRDbo].opus",Alexandra Palace,Sonny Fodera,Sonny Fodera Sets,Sonny Fodera,House,2024
S.P.Y. - Live on Radio 1 Essential Mix (10.01.15).mp3,S.P.Y. 2015,S.P.Y.,Essential Mix,S.P.Y.,Drum & Bass,2015
Wilkinson - Live on Radio 1 Essential Mix (04.03.17).mp3,Wilkinson 2017,Wilkinson,Essential Mix,Wilkinson,Electronic,2017-03-04
Sunnery James & Ryan Marciano - Live on Radio 1 Essential Mix (18.01.14).mp3,Sunnery James & Ryan Marciano 2014,Sunnery James & Ryan Marciano,Essential Mix,Sunnery James & Ryan Marciano,House,2014-01-18
Riordan at The Concourse Project ｜ Full Set (1 Aug 2025) - 20250904.opus,The Concourse Project 2025,Riordan,Riordan Sets,Riordan,Techno,2025-08-01
Thomas Jack - Live @ Coachella Music Festival 2016 in California (24.04.16).mp3,Thomas Jack,Thomas Jack,Coachella 2016,Thomas Jack,House,2016-04-24
Sabo - Live @ Coachella Music Festival 2017 in California (15.04.17).mp3,Sabo,Sabo,Coachella 2017,Sabo,House,2017-04-15
William Djoko – Live @ DC-10 in Ibiza (11.07.20).mp3,William Djoko 2020,William Djoko,Essential Mix,William Djoko,House,2020-07-11
Tiesto - Live on Radio 1 Essential Mix (02.01.14).mp3,Tiesto 2014,Tiesto,Essential Mix,Tiesto,Electronic,2014-01-02
Soulwax - Live on Radio 1 Essential Mix (20.05.17).mp3,Soulwax 2017,Soulwax,Essential Mix,Soulwax,House,2017-05-20
Wu Tang Clan - Live @ Coachella Music Festival 2013 in California (13.04.13).mp3,Wu Tang Clan,Wu Tang Clan,Coachella 2013,Wu Tang Clan,Hip Hop,2013-04-13
Sebastian Ingrosso & Alesso - Live @ Privilege in Ibiza (04.08.12).mp3,Privilege Ibiza,Sebastian Ingrosso & Alesso,Sebastian Ingrosso & Alesso Sets,Sebastian Ingrosso & Alesso,House,2012-08-04
"Radio 1's Dance Weekend, Dance Anthems Ibiza, Sam Divine.mp4",Sam Divine,Sam Divine,Radio 1's Dance Weekend,Various Artists,House,
Sven Vath - Live on Radio 1 Essential Mix - Masters Series 3 (04.07.15).mp3,Sven Vaeth 2015,Sven Vaeth,Essential Mix,Sven Vaeth,Techno,2015-07-04
Tim Reaper - Live on Radio 1 Essential Mix (15.01.22).mp3,Tim Reaper 2022,Tim Reaper,Essential Mix,Tim Reaper,Drum & Bass,2022-01-15
Spectrasoul - Live on Radio 1 Essential Mix (04.11.17).mp3,Spectrasoul 2017,Spectrasoul,Essential Mix,Spectrasoul,Drum & Bass,2017-11-04
Roman Fluegel - Live on Radio 1 Essential Mix (12.12.15).mp3,Roman Fluegel 2015,Roman Fluegel,Essential Mix,Roman Fluegel,Electronic,2015-12-12
Sven Vath & Richie Hawtin - Live @ Cocoon in Ibiza Replay (10.05.20).mp3,"Cocoon, Ibiza",Sven Vath & Richie Hawtin,Sven Vath & Richie Hawtin Sets,Sven Vath & Richie Hawtin,Techno,2020-05-10
"Tita Lau LIVE @ DRUMSHEDS, LONDON, Our House UK Tech House ⧸ House ⧸ Techno [sak5PnI4WkM].opus",Tita Lau,Tita Lau,Drumsheds,Various Artists,Tech House,
Royksopp - Live @ Coachella Music Festival 2017 in California (15.04.17).mp3,Röyksopp,Röyksopp,Coachella 2017,Röyksopp,Electronic,2017-04-15
Spor - Live on Radio 1 Essential Mix (14.03.15).mp3,Spor 2015,Spor,Essential Mix,Spor,Electronic,2015-03-14
Sam Divine - Live @ Radio 1 Big Weekend in Coventry (18.06.22).mp3,Sam Divine,Sam Divine,Radio 1 Big Weekend 2022,Sam Divine,House,2022-06-18
Yotto - Live @ Coachella Music Festival 2017 in California (15.04.17).mp3,Yotto,Yotto,Coachella 2017,Yotto,House,2017-04-15
Swedish House Mafia - Live @ Coachella 2022 in California (19.04.22).mp3,Swedish House Mafia,Swedish House Mafia,Coachella 2022,Swedish House Mafia,House,2022-04-19
Tokimonsta - Live @ Coachella Music Festival 2016 in California (24.04.16).mp3,Tokimonsta,Tokimonsta,Coachella 2016,Tokimonsta,Electronic,2016-04-24
Secretsundaze - Live on Radio 1 Essential Mix (21.05.22).mp3,Secretsundaze 2022,Secretsundaze,Essential Mix,Secretsundaze,Electronic,2022-05-21
Totally Enormous Extinct Dinosaurs - Live on Radio 1 Essential Mix (18.08.12).mp3,Totally Enormous Extinct Dinosaurs 2012,Totally Enormous Extinct Dinosaurs,Essential Mix,Totally Enormous Extinct Dinosaurs,Electronic,2012-08-18
Steffi  - Live on Radio 1 Essential Mix (08.11.14).mp3,Steffi 2014,Steffi,Essential Mix,Steffi,Electronic,2014-11-08
Swedish House Mafia - Live @ Coachella Festival 2012 in California (14.04.12).mp3,Swedish House Mafia,Swedish House Mafia,Coachella 2012,Swedish House Mafia,House,2012-04-14
Yousef - Live on Radio 1 Essential Mix (20.10.12).mp3,Yousef 2012,Yousef,Essential Mix,Yousef,Electronic,2012-10-20
Tourist - Live @ Coachella Music Festival 2017 in California (16.04.17).mp3,Tourist,Tourist,Coachella 2017,Tourist,Electronic,2017-04-16
Seth Troxler - Live on Radio 1 Essential Mix (07.05.22).mp3,Seth Troxler 2022,Seth Troxler,Essential Mix,Seth Troxler,House,2022-05-07
Stephan Bodzin - Live on Radio 1 Essential Mix (22.01.22).mp3,Stephan Bodzin 2022,Stephan Bodzin,Essential Mix,Stephan Bodzin,Techno,2022-01-22
Tove Lo - Live @ Coachella Music Festival 2017 in California (16.04.17).mp3,Tove Lo,Tove Lo,Coachella 2017,Tove Lo,Pop,2017-04-16
Zedd - Live @ Coachella Music Festival 2014 in California (13.04.14).mp3,Zedd,Zedd,Coachella 2014,Zedd,Electro House,2014-04-13
Steps What The Future Holds Tour 2021 Live @ London O2 Arena [6rJVObG4a6E].opus,"What the Future Holds, London O2",Steps,Steps Sets,Steps,Pop,2021
Seth Troxler - Live on Radio Essential Mix (19.09.15).mp3,Seth Troxler 2015,Seth Troxler,Essential Mix,Seth Troxler,Techno,2015-09-19
Zedd - Live @ Coachella Music Festival 2016 in California (23.04.16).mp3,Zedd,Zedd,Coachella 2016,Zedd,Electronic,2016-04-23
Steve Angello - Live @ Coachella Music Festival 2017 in California (14.04.17).mp3,Steve Angello,Steve Angello,Coachella 2017,Steve Angello,House,2017-04-14
Zhu - Live @ Coachella Music Festival 2016 in California (23.04.16).mp3,Zhu,Zhu,Coachella 2016,Zhu,House,2016-04-23
Shadow Child - Live on Radio 1 Essential Mix (01.03.14).mp3,Shadow Child 2014,Shadow Child,Essential Mix,Shadow Child,House,2014
Trentemoller - Live @ Coachella Festival 2011 in California (15.04.11).mp3,Trentemøller,Trentemøller,Coachella 2011,Trentemøller,Electronic,2011-04-15
Swedish House Mafia - Live @ Radio 1 Essential Mix Ibiza 20 Special Part 2 (25.07.15).mp3,Swedish House Mafia 2015,Swedish House Mafia,Essential Mix,Swedish House Mafia,House,2015-07-25
"Steve Angello - Live @ Radio 1 Party, Cream, Privilege in Ibiza (02.08.14).mp3",Steve Angello,Steve Angello,Cream Ibiza 2014,Steve Angello,House,2014-08-02
dBridge - Live on Radio 1 Essential Mix (31.01.20).mp3,dBridge 2020,dBridge,Essential Mix,dBridge,Electronic,2020-01-31
Sherelle - Live on Radio 1 Essential Mix (14.11.20).mp3,Sherelle 2020,Sherelle,Essential Mix,Sherelle,Techno,2020-11-14
Shura - Live @ Coachella Music Festival 2017 in California (15.04.17).mp3,Shura,Shura,Coachella 2017,Shura,Pop,2017-04-15
Tube & Berger - Live on Radio 1 Essential Mix (18.02.17).mp3,Tube & Berger 2017,Tube & Berger,Essential Mix,Tube & Berger,Tech House,2017-02-18
Swedish House Mafia - Live @ Ushuaia in Ibiza (06.08.22).mp3,"Ushuaia Ibiza, 2022",Swedish House Mafia,Swedish House Mafia Sets,Swedish House Mafia,House,2022-08-06
Steve Aoki - Live on Radio 1 Essential Mix (27.10.12).mp3,Steve Aoki 2012,Steve Aoki,Essential Mix,Steve Aoki,House,2012-10-27
Simian Mobile Disco - Live @ Sonar Festival 2012 in Barcelona (16.06.12).mp3,Simian Mobile Disco,Simian Mobile Disco,Sonar Festival 2012,Simian Mobile Disco,Electronic,2012-06-16
Tycho - Live @ Coachella Music Festival 2017 in California (15.04.17).mp3,Tycho,Tycho,Coachella 2017,Tycho,Ambient,2017-04-15
SYNTHONY - Full Length Show - Live at Mānuka Phuel SYNTHONY Festival 2025 [p-EX2AEDhNs].opus,"Synthony, Mānuka Phuel",Synthony,Classical House,Various Artists,Electronic,2025
Underworld - Live @ Coachella Music Festival 2016 in California (22.04.16).mp3,Underworld,Underworld,Coachella 2016,Underworld,Electronic,2016-04-22
SYNTHONY_-_World_Premiere_-_Full_Length_Show.mp3,"Synthony, World Premiere",Synthony,Classical House,Synthony,Electronic,2024
TQD - Live on Radio 1 Essential Mix (26.08.17).mp3,TQD 2017,TQD,Essential Mix,TQD,Electronic,2017-08-26
Underworld & Eric Prydz - Live @ Radio 1 Essential Mix Ibiza 20 Special Part 7 (28.07.15).mp3,Underworld & Eric Prydz 2015,Underworld & Eric Prydz,Essential Mix,Underworld & Eric Prydz,Electronic,2015-07-28
Tale Of Us - Live @ Coachella 2019 in California (20.04.19).mp3,Tale Of Us,Tale Of Us,Coachella 2019,Tale Of Us,Techno,2019-04-20
Vanic - Live @ Coachella Music Festival 2016 in California (23.04.16).mp3,Vanic,Vanic,Coachella 2016,Vanic,House,2016-04-23
Tale of Us  - Live on Radio 1 Essential Mix (24.01.15).mp3,Tale Of Us 2015,Tale Of Us,Essential Mix,Tale Of Us,Electronic,2015-01-24
Vintage Culture - Live @ Hi in Ibiza (30.07.22).mp3,Hi Ibiza,Vintage Culture,Vintage Culture Sets,Vintage Culture,House,2022-07-30
Tania Vulcano & Locodice - Live @ Radio 1 Essential Mix Ibiza 20 Special Part 5 (26.07.15).mp3,Tania Vulcano & Locodice 2015,Tania Vulcano & Locodice,Essential Mix,Tania Vulcano & Locodice,Techno,2015-07-26
"Ten Walls - Live @ Radio 1 Party, Ushuaia in Ibiza (01.08.14).mp3",Ten Walls,Ten Walls,Ushuaia 2014,Ten Walls,House,2014
Ten Walls - Live on Radio 1 Essential Mix (13.09.14).mp3,Ten Walls 2014,Ten Walls,Essential Mix,Ten Walls,House,2014-09-13
Wankelmut - Live on Radio 1 Essential Mix (07.06.14).mp3,Wankelmut 2014,Wankelmut,Essential Mix,Wankelmut,House,2014-06-07
The 2 Bears - Live on Radio 1 Essential Mix (21.01.12).mp3,The 2 Bears 2012,The 2 Bears,Essential Mix,The 2 Bears,House,2012-01-21
The Avalanches - Live @ Coachella 2022 in California (19.04.22).mp3,The Avalanches,The Avalanches,Coachella 2022,The Avalanches,Electronic,2022
